{"cameraMode":{"drawMode":0,"name":"Shaded","section":"Shading Mode"},"sceneLighting":false,"audioPlay":false,"sceneViewState":{"showFog":true,"showMaterialUpdate":false,"showSkybox":false,"showFlares":true,"showImageEffects":true,"showParticleSystems":true},"in2DMode":false,"pivot":{"x":0.0,"y":0.4918636083602905,"z":-33.29999923706055},"rotation":{"x":0.017336998134851457,"y":0.3966238498687744,"z":0.00749621307477355,"w":-0.9177868962287903},"size":2.962674856185913,"orthographic":false}