{"cameraMode":{"drawMode":0,"name":"Shaded","section":"Shading Mode"},"sceneLighting":false,"audioPlay":false,"sceneViewState":{"showFog":true,"showMaterialUpdate":false,"showSkybox":false,"showFlares":true,"showImageEffects":true,"showParticleSystems":true},"in2DMode":false,"pivot":{"x":0.0000019073486328125,"y":2.384185791015625e-7,"z":0.0},"rotation":{"x":0.27151966094970705,"y":0.6650292873382568,"z":-0.28440001606941225,"w":0.6349250078201294},"size":21.551244735717775,"orthographic":false}